,pclass,sibsp,parch,survived,age_fill,fare_fill,sex_level,embarked_Q,embarked_S
0,1,0,0,1,29.0,211.3375,1,False,True
1,1,1,2,1,0.9167,151.55,0,False,True
2,1,1,2,0,2.0,151.55,1,False,True
3,1,1,2,0,30.0,151.55,0,False,True
4,1,1,2,0,25.0,151.55,1,False,True
5,1,0,0,1,48.0,26.55,0,False,True
6,1,1,0,1,63.0,77.9583,1,False,True
7,1,0,0,0,39.0,0.0,0,False,True
8,1,2,0,1,53.0,51.4792,1,False,True
9,1,0,0,0,71.0,49.5042,0,False,False
10,1,1,0,0,47.0,227.525,0,False,False
11,1,1,0,1,18.0,227.525,1,False,False
12,1,0,0,1,24.0,69.3,1,False,False
13,1,0,0,1,26.0,78.85,1,False,True
14,1,0,0,1,80.0,30.0,0,False,True
15,1,0,0,0,29.8811345124283,25.925,0,False,True
16,1,0,1,0,24.0,247.5208,0,False,False
17,1,0,1,1,50.0,247.5208,1,False,False
18,1,0,0,1,32.0,76.2917,1,False,False
19,1,0,0,0,36.0,75.2417,0,False,False
20,1,1,1,1,37.0,52.5542,0,False,True
21,1,1,1,1,47.0,52.5542,1,False,True
22,1,0,0,1,26.0,30.0,0,False,False
23,1,0,0,1,42.0,227.525,1,False,False
24,1,0,0,1,29.0,221.7792,1,False,True
25,1,0,0,0,25.0,26.0,0,False,False
26,1,1,0,1,25.0,91.0792,0,False,False
27,1,1,0,1,19.0,91.0792,1,False,False
28,1,0,0,1,35.0,135.6333,1,False,True
29,1,0,0,1,28.0,26.55,0,False,True
30,1,0,0,0,45.0,35.5,0,False,True
31,1,0,0,1,40.0,31.0,0,False,False
32,1,0,0,1,30.0,164.8667,1,False,True
33,1,0,0,1,58.0,26.55,1,False,True
34,1,0,0,0,42.0,26.55,0,False,True
35,1,0,0,1,45.0,262.375,1,False,False
36,1,0,1,1,22.0,55.0,1,False,True
37,1,0,0,1,29.8811345124283,26.55,0,False,True
38,1,0,0,0,41.0,30.5,0,False,True
39,1,0,0,0,48.0,50.4958,0,False,False
40,1,0,0,0,29.8811345124283,39.6,0,False,False
41,1,0,0,1,44.0,27.7208,1,False,False
42,1,2,0,1,59.0,51.4792,1,False,True
43,1,0,0,1,60.0,76.2917,1,False,False
44,1,0,0,1,41.0,134.5,1,False,False
45,1,0,0,0,45.0,26.55,0,False,True
46,1,0,0,0,29.8811345124283,31.0,0,False,True
47,1,0,0,1,42.0,26.2875,0,False,True
48,1,0,0,1,53.0,27.4458,1,False,False
49,1,0,1,1,36.0,512.3292,0,False,False
50,1,0,1,1,58.0,512.3292,1,False,False
51,1,0,0,0,33.0,5.0,0,False,True
52,1,0,0,0,28.0,47.1,0,False,True
53,1,0,0,0,17.0,47.1,0,False,True
54,1,1,2,1,11.0,120.0,0,False,True
55,1,1,2,1,14.0,120.0,1,False,True
56,1,1,2,1,36.0,120.0,0,False,True
57,1,1,2,1,36.0,120.0,1,False,True
58,1,0,0,0,49.0,26.0,0,False,True
59,1,0,0,1,29.8811345124283,27.7208,1,False,False
60,1,1,0,0,36.0,78.85,0,False,True
61,1,1,0,1,76.0,78.85,1,False,True
62,1,1,0,0,46.0,61.175,0,False,True
63,1,1,0,1,47.0,61.175,1,False,True
64,1,1,0,1,27.0,53.1,0,False,True
65,1,1,0,1,33.0,53.1,1,False,True
66,1,0,0,1,36.0,262.375,1,False,False
67,1,0,0,1,30.0,86.5,1,False,True
68,1,0,0,1,45.0,29.7,0,False,False
69,1,0,1,1,29.8811345124283,55.0,1,False,True
70,1,0,0,0,29.8811345124283,0.0,0,False,True
71,1,1,0,0,27.0,136.7792,0,False,False
72,1,1,0,1,26.0,136.7792,1,False,False
73,1,0,0,1,22.0,151.55,1,False,True
74,1,0,0,0,29.8811345124283,52.0,0,False,True
75,1,0,0,0,47.0,25.5875,0,False,True
76,1,1,1,1,39.0,83.1583,1,False,False
77,1,1,1,0,37.0,83.1583,0,False,False
78,1,0,2,1,64.0,83.1583,1,False,False
79,1,2,0,1,55.0,25.7,1,False,True
80,1,0,0,0,29.8811345124283,26.55,0,False,True
81,1,1,1,0,70.0,71.0,0,False,True
82,1,0,2,1,36.0,71.0,1,False,True
83,1,1,1,1,64.0,26.55,1,False,True
84,1,1,0,0,39.0,71.2833,0,False,False
85,1,1,0,1,38.0,71.2833,1,False,False
86,1,0,0,1,51.0,26.55,0,False,True
87,1,0,0,1,27.0,30.5,0,False,True
88,1,0,0,1,33.0,151.55,1,False,True
89,1,1,0,0,31.0,52.0,0,False,True
90,1,1,2,1,27.0,52.0,1,False,True
91,1,1,0,1,31.0,57.0,0,False,True
92,1,1,0,1,17.0,57.0,1,False,True
93,1,1,1,1,53.0,81.8583,0,False,True
94,1,0,2,1,4.0,81.8583,0,False,True
95,1,1,1,1,54.0,81.8583,1,False,True
96,1,1,0,0,50.0,106.425,0,False,False
97,1,1,1,1,27.0,247.5208,1,False,False
98,1,1,0,1,48.0,106.425,1,False,False
99,1,1,0,1,48.0,39.6,1,False,False
100,1,1,0,1,49.0,56.9292,0,False,False
101,1,0,0,0,39.0,29.7,0,False,False
102,1,0,1,1,23.0,83.1583,1,False,False
103,1,0,0,1,38.0,227.525,1,False,False
104,1,1,0,1,54.0,78.2667,1,False,False
105,1,0,0,0,36.0,31.6792,1,False,False
106,1,0,0,0,29.8811345124283,221.7792,0,False,True
107,1,0,0,1,29.8811345124283,31.6833,1,False,True
108,1,0,0,1,29.8811345124283,110.8833,1,False,False
109,1,0,0,1,36.0,26.3875,0,False,True
110,1,0,0,0,30.0,27.75,0,False,False
111,1,3,2,1,24.0,263.0,1,False,True
112,1,3,2,1,28.0,263.0,1,False,True
113,1,3,2,1,23.0,263.0,1,False,True
114,1,3,2,0,19.0,263.0,0,False,True
115,1,1,4,0,64.0,263.0,0,False,True
116,1,1,4,1,60.0,263.0,1,False,True
117,1,0,0,1,30.0,56.9292,1,False,False
118,1,0,0,0,29.8811345124283,26.55,0,False,True
119,1,2,0,1,50.0,133.65,0,False,True
120,1,1,0,1,43.0,27.7208,0,False,False
121,1,1,0,1,29.8811345124283,133.65,1,False,True
122,1,0,2,1,22.0,49.5,1,False,False
123,1,1,1,1,60.0,79.2,0,False,False
124,1,1,1,1,48.0,79.2,1,False,False
125,1,0,0,0,29.8811345124283,0.0,0,False,True
126,1,1,0,0,37.0,53.1,0,False,True
127,1,1,0,1,35.0,53.1,1,False,True
128,1,0,0,0,47.0,38.5,0,False,True
129,1,0,0,1,35.0,211.5,1,False,False
130,1,0,1,1,22.0,59.4,1,False,False
131,1,0,1,1,45.0,59.4,1,False,False
132,1,0,0,0,24.0,79.2,0,False,False
133,1,1,0,1,49.0,89.1042,0,False,False
134,1,1,0,1,29.8811345124283,89.1042,1,False,False
135,1,0,0,0,71.0,34.6542,0,False,False
136,1,0,0,1,53.0,28.5,0,False,False
137,1,0,0,1,19.0,30.0,1,False,True
138,1,0,1,0,38.0,153.4625,0,False,True
139,1,0,1,1,58.0,153.4625,1,False,True
140,1,0,1,1,23.0,63.3583,0,False,False
141,1,0,1,1,45.0,63.3583,1,False,False
142,1,0,0,0,46.0,79.2,0,False,False
143,1,1,0,1,25.0,55.4417,0,False,False
144,1,1,0,1,25.0,55.4417,1,False,False
145,1,1,0,1,48.0,76.7292,0,False,False
146,1,1,0,1,49.0,76.7292,1,False,False
147,1,0,0,0,29.8811345124283,42.4,0,False,True
148,1,1,0,0,45.0,83.475,0,False,True
149,1,1,0,1,35.0,83.475,1,False,True
150,1,0,0,0,40.0,0.0,0,False,True
151,1,0,0,1,27.0,76.7292,0,False,False
152,1,0,0,1,29.8811345124283,30.0,0,False,True
153,1,0,0,1,24.0,83.1583,1,False,False
154,1,1,1,0,55.0,93.5,0,False,True
155,1,1,1,1,52.0,93.5,1,False,True
156,1,0,0,0,42.0,42.5,0,False,True
157,1,0,0,0,29.8811345124283,51.8625,0,False,True
158,1,0,0,0,55.0,50.0,0,False,True
159,1,0,1,1,16.0,57.9792,1,False,False
160,1,0,1,1,44.0,57.9792,1,False,False
161,1,1,0,1,51.0,77.9583,1,False,True
162,1,1,0,0,42.0,52.0,0,False,True
163,1,1,0,1,35.0,52.0,1,False,True
164,1,0,0,1,35.0,26.55,0,False,False
165,1,1,0,1,38.0,90.0,0,False,True
166,1,0,0,0,29.8811345124283,30.6958,0,False,False
167,1,1,0,1,35.0,90.0,1,False,True
168,1,0,0,1,38.0,80.0,1,False,True
169,1,0,0,0,50.0,28.7125,1,False,False
170,1,0,0,1,49.0,0.0,0,False,True
171,1,0,0,0,46.0,26.0,0,False,True
172,1,0,0,0,50.0,26.0,0,False,True
173,1,0,0,0,32.5,211.5,0,False,False
174,1,0,0,0,58.0,29.7,0,False,False
175,1,1,0,0,41.0,51.8625,0,False,True
176,1,1,0,1,29.8811345124283,51.8625,1,False,True
177,1,1,0,1,42.0,52.5542,0,False,True
178,1,1,0,1,45.0,52.5542,1,False,True
179,1,0,0,0,29.8811345124283,26.55,0,False,True
180,1,0,0,1,39.0,211.3375,1,False,True
181,1,0,0,1,49.0,25.9292,1,False,True
182,1,0,0,1,30.0,106.425,1,False,False
183,1,0,0,1,35.0,512.3292,0,False,False
184,1,0,0,0,29.8811345124283,27.7208,0,False,False
185,1,0,0,0,42.0,26.55,0,False,True
186,1,0,0,1,55.0,27.7208,1,False,False
187,1,0,1,1,16.0,39.4,1,False,True
188,1,0,1,1,51.0,39.4,1,False,True
189,1,0,0,0,29.0,30.0,0,False,True
190,1,0,0,1,21.0,77.9583,1,False,True
191,1,0,0,0,30.0,45.5,0,False,True
192,1,0,0,1,58.0,146.5208,1,False,False
193,1,0,1,1,15.0,211.3375,1,False,True
194,1,0,0,0,30.0,26.0,0,False,True
195,1,0,0,1,16.0,86.5,1,False,True
196,1,0,0,1,29.8811345124283,29.7,0,False,False
197,1,1,0,0,19.0,53.1,0,False,True
198,1,1,0,1,18.0,53.1,1,False,True
199,1,0,0,1,24.0,49.5042,1,False,False
200,1,0,0,0,46.0,75.2417,0,False,False
201,1,0,0,0,54.0,51.8625,0,False,True
202,1,0,0,1,36.0,26.2875,0,False,True
203,1,1,0,0,28.0,82.1708,0,False,False
204,1,1,0,1,29.8811345124283,82.1708,1,False,False
205,1,0,0,0,65.0,26.55,0,False,True
206,1,2,0,0,44.0,90.0,0,True,False
207,1,1,0,1,33.0,90.0,1,True,False
208,1,1,0,1,37.0,90.0,1,True,False
209,1,1,0,1,30.0,57.75,0,False,False
210,1,0,0,0,55.0,30.5,0,False,True
211,1,0,0,0,47.0,42.4,0,False,True
212,1,0,1,0,37.0,29.7,0,False,False
213,1,1,0,1,31.0,113.275,1,False,False
214,1,1,0,1,23.0,113.275,1,False,False
215,1,0,2,0,58.0,113.275,0,False,False
216,1,0,2,1,19.0,26.2833,1,False,True
217,1,0,0,0,64.0,26.0,0,False,True
218,1,0,0,1,39.0,108.9,1,False,False
219,1,0,0,1,29.8811345124283,25.7417,0,False,False
220,1,0,1,1,22.0,61.9792,1,False,False
221,1,0,1,0,65.0,61.9792,0,False,False
222,1,0,0,0,28.5,27.7208,0,False,False
223,1,0,0,0,29.8811345124283,0.0,0,False,True
224,1,0,0,0,45.5,28.5,0,False,True
225,1,0,0,0,23.0,93.5,0,False,True
226,1,1,0,0,29.0,66.6,0,False,True
227,1,1,0,1,22.0,66.6,1,False,True
228,1,1,0,0,18.0,108.9,0,False,False
229,1,1,0,1,17.0,108.9,1,False,False
230,1,0,0,1,30.0,93.5,1,False,True
231,1,0,0,1,52.0,30.5,0,False,True
232,1,0,0,0,47.0,52.0,0,False,True
233,1,0,1,1,56.0,83.1583,1,False,False
234,1,0,0,0,38.0,0.0,0,False,True
235,1,0,0,1,29.8811345124283,39.6,0,False,True
236,1,0,0,0,22.0,135.6333,0,False,False
237,1,0,0,0,29.8811345124283,227.525,0,False,False
238,1,0,1,1,43.0,211.3375,1,False,True
239,1,0,0,0,31.0,50.4958,0,False,True
240,1,0,0,1,45.0,26.55,0,False,True
241,1,0,0,0,29.8811345124283,50.0,0,False,True
242,1,0,0,1,33.0,27.7208,1,False,False
243,1,0,0,0,46.0,79.2,0,False,False
244,1,0,0,0,36.0,40.125,0,False,False
245,1,0,0,1,33.0,86.5,1,False,True
246,1,1,0,0,55.0,59.4,0,False,False
247,1,1,0,1,54.0,59.4,1,False,False
248,1,0,0,0,33.0,26.55,0,False,True
249,1,2,2,1,13.0,262.375,0,False,False
250,1,2,2,1,18.0,262.375,1,False,False
251,1,2,2,1,21.0,262.375,1,False,False
252,1,1,3,0,61.0,262.375,0,False,False
253,1,1,3,1,48.0,262.375,1,False,False
254,1,0,0,1,29.8811345124283,30.5,0,False,True
255,1,0,0,1,24.0,69.3,1,False,False
256,1,0,0,1,29.8811345124283,26.0,0,False,True
257,1,1,0,1,35.0,57.75,1,False,False
258,1,0,0,1,30.0,31.0,1,False,False
259,1,0,0,1,34.0,26.55,0,False,True
260,1,0,0,1,40.0,153.4625,1,False,True
261,1,0,0,1,35.0,26.2875,0,False,True
262,1,1,0,0,50.0,55.9,0,False,True
263,1,1,0,1,39.0,55.9,1,False,True
264,1,0,0,1,56.0,35.5,0,False,False
265,1,0,0,1,28.0,35.5,0,False,True
266,1,0,0,0,56.0,26.55,0,False,True
267,1,0,0,0,56.0,30.6958,0,False,False
268,1,1,0,0,24.0,60.0,0,False,True
269,1,0,0,0,29.8811345124283,26.0,0,False,True
270,1,1,0,1,18.0,60.0,1,False,True
271,1,1,0,1,24.0,82.2667,0,False,True
272,1,1,0,1,23.0,82.2667,1,False,True
273,1,0,2,1,6.0,134.5,0,False,False
274,1,1,1,1,45.0,134.5,0,False,False
275,1,1,1,1,40.0,134.5,1,False,False
276,1,1,0,0,57.0,146.5208,0,False,False
277,1,1,0,1,29.8811345124283,146.5208,1,False,False
278,1,0,0,1,32.0,30.5,0,False,False
279,1,0,0,0,62.0,26.55,0,False,True
280,1,1,0,1,54.0,55.4417,0,False,False
281,1,1,0,1,43.0,55.4417,1,False,False
282,1,1,0,1,52.0,78.2667,1,False,False
283,1,0,0,0,29.8811345124283,27.7208,0,False,False
284,1,0,0,1,62.0,80.0,1,False,True
285,1,1,0,0,67.0,221.7792,0,False,True
286,1,1,0,0,63.0,221.7792,1,False,True
287,1,0,0,0,61.0,32.3208,0,False,True
288,1,0,0,1,48.0,25.9292,1,False,True
289,1,0,2,1,18.0,79.65,1,False,True
290,1,1,1,0,52.0,79.65,0,False,True
291,1,1,1,1,39.0,79.65,1,False,True
292,1,1,0,1,48.0,52.0,0,False,True
293,1,1,0,1,29.8811345124283,52.0,1,False,True
294,1,1,1,0,49.0,110.8833,0,False,False
295,1,0,2,1,17.0,110.8833,0,False,False
296,1,1,1,1,39.0,110.8833,1,False,False
297,1,0,0,1,29.8811345124283,79.2,1,False,False
298,1,0,0,1,31.0,28.5375,0,False,False
299,1,0,0,0,40.0,27.7208,0,False,False
300,1,0,0,0,61.0,33.5,0,False,True
301,1,0,0,0,47.0,34.0208,0,False,True
302,1,0,0,1,35.0,512.3292,1,False,False
303,1,1,0,0,64.0,75.25,0,False,False
304,1,1,0,1,60.0,75.25,1,False,False
305,1,0,0,0,60.0,26.55,0,False,True
306,1,0,1,0,54.0,77.2875,0,False,True
307,1,0,1,0,21.0,77.2875,0,False,True
308,1,0,0,1,55.0,135.6333,1,False,False
309,1,0,2,1,31.0,164.8667,1,False,True
310,1,1,1,0,57.0,164.8667,0,False,True
311,1,1,1,1,45.0,164.8667,1,False,True
312,1,1,1,0,50.0,211.5,0,False,False
313,1,0,2,0,27.0,211.5,0,False,False
314,1,1,1,1,50.0,211.5,1,False,False
315,1,0,0,1,21.0,26.55,1,False,True
316,1,0,1,0,51.0,61.3792,0,False,False
317,1,0,1,1,21.0,61.3792,0,False,False
318,1,0,0,0,29.8811345124283,35.0,0,False,True
319,1,0,0,1,31.0,134.5,1,False,False
320,1,0,0,1,29.8811345124283,35.5,0,False,True
321,1,0,0,0,62.0,26.55,0,False,True
322,1,0,0,1,36.0,135.6333,1,False,False
323,2,1,0,0,30.0,24.0,0,False,False
324,2,1,0,1,28.0,24.0,1,False,False
325,2,0,0,0,30.0,13.0,0,False,True
326,2,0,0,0,18.0,11.5,0,False,True
327,2,0,0,0,25.0,10.5,0,False,True
328,2,1,0,0,34.0,26.0,0,False,True
329,2,1,0,1,36.0,26.0,1,False,True
330,2,0,0,0,57.0,13.0,0,False,True
331,2,0,0,0,18.0,11.5,0,False,True
332,2,0,0,0,23.0,10.5,0,False,True
333,2,0,0,1,36.0,13.0,1,False,True
334,2,0,0,0,28.0,10.5,0,False,True
335,2,0,0,0,51.0,12.525,0,False,True
336,2,1,0,1,32.0,26.0,0,False,True
337,2,1,0,1,19.0,26.0,1,False,True
338,2,0,0,0,28.0,26.0,0,False,True
339,2,2,1,1,1.0,39.0,0,False,True
340,2,2,1,1,4.0,39.0,1,False,True
341,2,2,1,1,12.0,39.0,1,False,True
342,2,0,3,1,36.0,39.0,1,False,True
343,2,0,0,1,34.0,13.0,0,False,True
344,2,0,0,1,19.0,13.0,1,False,True
345,2,0,0,0,23.0,13.0,0,False,True
346,2,0,0,0,26.0,13.0,0,False,True
347,2,0,0,0,42.0,13.0,0,False,True
348,2,0,0,0,27.0,13.0,0,False,True
349,2,0,0,1,24.0,13.0,1,False,True
350,2,0,2,1,15.0,39.0,1,False,True
351,2,1,1,0,60.0,39.0,0,False,True
352,2,1,1,1,40.0,39.0,1,False,True
353,2,1,0,1,20.0,26.0,1,False,True
354,2,1,0,0,25.0,26.0,0,False,True
355,2,0,0,1,36.0,13.0,1,False,True
356,2,0,0,0,25.0,13.0,0,False,True
357,2,0,0,0,42.0,13.0,0,False,True
358,2,0,0,1,42.0,13.0,1,False,True
359,2,0,2,1,0.8333,29.0,0,False,True
360,2,1,1,1,26.0,29.0,0,False,True
361,2,1,1,1,22.0,29.0,1,False,True
362,2,0,0,1,35.0,21.0,1,False,True
363,2,0,0,0,29.8811345124283,0.0,0,False,True
364,2,0,0,0,19.0,13.0,0,False,True
365,2,1,0,0,44.0,26.0,1,False,True
366,2,1,0,0,54.0,26.0,0,False,True
367,2,0,0,0,52.0,13.5,0,False,True
368,2,1,0,0,37.0,26.0,0,False,True
369,2,1,0,0,29.0,26.0,1,False,True
370,2,1,1,1,25.0,30.0,1,False,True
371,2,0,2,1,45.0,30.0,1,False,True
372,2,1,0,0,29.0,26.0,0,False,True
373,2,1,0,1,28.0,26.0,1,False,True
374,2,0,0,0,29.0,10.5,0,False,True
375,2,0,0,0,28.0,13.0,0,False,True
376,2,0,0,1,24.0,10.5,0,False,True
377,2,0,2,1,8.0,26.25,1,False,True
378,2,1,1,0,31.0,26.25,0,False,True
379,2,1,1,1,31.0,26.25,1,False,True
380,2,0,0,1,22.0,10.5,1,False,True
381,2,0,0,0,30.0,13.0,1,False,True
382,2,0,0,0,29.8811345124283,21.0,1,False,True
383,2,0,0,0,21.0,11.5,0,False,True
384,2,0,0,0,29.8811345124283,0.0,0,False,True
385,2,1,1,1,8.0,36.75,0,False,True
386,2,0,0,0,18.0,73.5,0,False,True
387,2,0,2,1,48.0,36.75,1,False,True
388,2,0,0,1,28.0,13.0,1,False,True
389,2,0,0,0,32.0,13.0,0,False,True
390,2,0,0,0,17.0,73.5,0,False,True
391,2,1,0,0,29.0,27.7208,0,False,False
392,2,1,0,1,24.0,27.7208,1,False,False
393,2,0,0,0,25.0,31.5,0,False,True
394,2,0,0,0,18.0,73.5,0,False,True
395,2,0,1,1,18.0,23.0,1,False,True
396,2,0,1,1,34.0,23.0,1,False,True
397,2,0,0,0,54.0,26.0,0,False,True
398,2,0,2,1,8.0,32.5,0,False,True
399,2,1,1,0,42.0,32.5,0,False,True
400,2,1,1,1,34.0,32.5,1,False,True
401,2,1,0,1,27.0,13.8583,1,False,False
402,2,1,0,1,30.0,13.8583,1,False,False
403,2,0,0,0,23.0,13.0,0,False,True
404,2,0,0,0,21.0,13.0,0,False,True
405,2,0,0,0,18.0,13.0,0,False,True
406,2,1,0,0,40.0,26.0,0,False,True
407,2,1,0,1,29.0,26.0,1,False,True
408,2,0,0,0,18.0,10.5,0,False,True
409,2,0,0,0,36.0,13.0,0,False,True
410,2,0,0,0,29.8811345124283,0.0,0,False,True
411,2,0,0,0,38.0,13.0,1,False,True
412,2,0,0,0,35.0,26.0,0,False,True
413,2,1,0,0,38.0,21.0,0,False,True
414,2,1,0,0,34.0,21.0,0,False,True
415,2,0,0,1,34.0,13.0,1,False,True
416,2,0,0,0,16.0,26.0,0,False,True
417,2,0,0,0,26.0,10.5,0,False,True
418,2,0,0,0,47.0,10.5,0,False,True
419,2,1,0,0,21.0,11.5,0,False,True
420,2,1,0,0,21.0,11.5,0,False,True
421,2,0,0,0,24.0,13.5,0,False,True
422,2,0,0,0,24.0,13.0,0,False,True
423,2,0,0,0,34.0,13.0,0,False,True
424,2,0,0,0,30.0,13.0,0,False,True
425,2,0,0,0,52.0,13.0,0,False,True
426,2,0,0,0,30.0,13.0,0,False,True
427,2,1,1,1,0.6667,14.5,0,False,True
428,2,0,2,1,24.0,14.5,1,False,True
429,2,0,0,0,44.0,13.0,0,False,True
430,2,0,1,1,6.0,33.0,1,False,True
431,2,0,1,0,28.0,33.0,0,False,True
432,2,0,0,1,62.0,10.5,0,False,True
433,2,0,0,0,30.0,10.5,0,False,True
434,2,0,2,1,7.0,26.25,1,False,True
435,2,1,1,0,43.0,26.25,0,False,True
436,2,1,1,1,45.0,26.25,1,False,True
437,2,1,2,1,24.0,65.0,1,False,True
438,2,1,2,1,24.0,65.0,1,False,True
439,2,1,2,0,49.0,65.0,0,False,True
440,2,1,2,1,48.0,65.0,1,False,True
441,2,0,0,1,55.0,16.0,1,False,True
442,2,2,0,0,24.0,73.5,0,False,True
443,2,2,0,0,32.0,73.5,0,False,True
444,2,2,0,0,21.0,73.5,0,False,True
445,2,1,1,0,18.0,13.0,1,False,True
446,2,2,1,1,20.0,23.0,1,False,True
447,2,2,1,0,23.0,11.5,0,False,True
448,2,0,0,0,36.0,13.0,0,False,True
449,2,1,3,1,54.0,23.0,1,False,True
450,2,0,0,0,50.0,13.0,0,False,True
451,2,1,0,0,44.0,26.0,0,False,True
452,2,1,0,1,29.0,26.0,1,False,True
453,2,0,0,0,21.0,73.5,0,False,True
454,2,0,0,1,42.0,13.0,0,False,True
455,2,1,0,0,63.0,26.0,0,False,True
456,2,1,0,0,60.0,26.0,1,False,True
457,2,0,0,0,33.0,12.275,0,False,True
458,2,0,0,1,17.0,10.5,1,False,True
459,2,1,0,0,42.0,27.0,0,False,True
460,2,2,1,1,24.0,27.0,1,False,True
461,2,0,0,0,47.0,15.0,0,False,True
462,2,2,0,0,24.0,31.5,0,False,True
463,2,2,0,0,22.0,31.5,0,False,True
464,2,0,0,0,32.0,10.5,0,False,True
465,2,0,0,1,23.0,13.7917,1,False,False
466,2,1,0,0,34.0,26.0,0,False,True
467,2,1,0,1,24.0,26.0,1,False,True
468,2,0,0,0,22.0,21.0,1,False,True
469,2,0,0,1,29.8811345124283,12.35,1,True,False
470,2,0,0,0,35.0,12.35,0,True,False
471,2,0,0,1,45.0,13.5,1,False,True
472,2,0,0,0,57.0,12.35,0,True,False
473,2,0,0,0,29.8811345124283,0.0,0,False,True
474,2,0,0,0,31.0,10.5,0,False,True
475,2,1,1,0,26.0,26.0,1,False,True
476,2,1,1,0,30.0,26.0,0,False,True
477,2,0,0,0,29.8811345124283,10.7083,0,True,False
478,2,1,2,1,1.0,41.5792,1,False,False
479,2,1,2,1,3.0,41.5792,1,False,False
480,2,1,2,0,25.0,41.5792,0,False,False
481,2,1,2,1,22.0,41.5792,1,False,False
482,2,0,0,1,17.0,12.0,1,False,False
483,2,0,0,1,29.8811345124283,33.0,1,False,True
484,2,0,0,1,34.0,10.5,1,False,True
485,2,0,0,0,36.0,12.875,0,False,False
486,2,0,0,0,24.0,10.5,0,False,True
487,2,0,0,0,61.0,12.35,0,True,False
488,2,1,0,0,50.0,26.0,0,False,True
489,2,1,0,1,42.0,26.0,1,False,True
490,2,0,0,0,57.0,10.5,1,False,True
491,2,0,0,0,29.8811345124283,15.0458,0,False,False
492,2,0,2,1,1.0,37.0042,0,False,False
493,2,1,1,0,31.0,37.0042,0,False,False
494,2,1,1,1,24.0,37.0042,1,False,False
495,2,0,0,0,29.8811345124283,15.5792,0,False,False
496,2,0,0,0,30.0,13.0,0,False,True
497,2,0,0,0,40.0,16.0,0,False,True
498,2,0,0,0,32.0,13.5,0,False,True
499,2,0,0,0,30.0,13.0,0,False,True
500,2,0,0,0,46.0,26.0,0,False,True
501,2,0,1,1,13.0,19.5,1,False,True
502,2,0,1,1,41.0,19.5,1,False,True
503,2,0,0,1,19.0,10.5,0,False,True
504,2,0,0,0,39.0,13.0,0,False,True
505,2,0,0,0,48.0,13.0,0,False,True
506,2,0,0,0,70.0,10.5,0,False,True
507,2,0,0,0,27.0,13.0,0,False,True
508,2,0,0,0,54.0,14.0,0,False,True
509,2,0,0,0,39.0,26.0,0,False,True
510,2,0,0,0,16.0,10.5,0,False,True
511,2,0,0,0,62.0,9.6875,0,True,False
512,2,1,0,0,32.5,30.0708,0,False,False
513,2,1,0,1,14.0,30.0708,1,False,False
514,2,1,1,1,2.0,26.0,0,False,True
515,2,1,1,1,3.0,26.0,0,False,True
516,2,0,2,0,36.5,26.0,0,False,True
517,2,0,0,0,26.0,13.0,0,False,True
518,2,1,1,0,19.0,36.75,0,False,True
519,2,0,0,0,28.0,13.5,0,False,True
520,2,0,0,1,20.0,13.8625,0,False,False
521,2,0,0,1,29.0,10.5,1,False,True
522,2,0,0,0,39.0,13.0,0,False,True
523,2,0,0,1,22.0,10.5,0,False,True
524,2,0,0,1,29.8811345124283,13.8625,0,False,False
525,2,0,0,0,23.0,10.5,0,False,True
526,2,0,0,1,29.0,13.8583,0,False,False
527,2,0,0,0,28.0,10.5,0,False,True
528,2,0,0,0,29.8811345124283,0.0,0,False,True
529,2,0,1,1,50.0,26.0,1,False,True
530,2,0,0,0,19.0,10.5,0,False,True
531,2,0,0,0,29.8811345124283,15.05,0,False,False
532,2,0,0,0,41.0,13.0,0,False,True
533,2,0,1,1,21.0,21.0,1,False,True
534,2,0,0,1,19.0,26.0,1,False,True
535,2,0,1,0,43.0,21.0,0,False,True
536,2,0,0,1,32.0,13.0,1,False,True
537,2,0,0,0,34.0,13.0,0,False,True
538,2,0,0,1,30.0,12.7375,0,False,False
539,2,0,0,0,27.0,15.0333,0,False,False
540,2,1,1,1,2.0,26.0,1,False,True
541,2,1,1,1,8.0,26.0,1,False,True
542,2,0,2,1,33.0,26.0,1,False,True
543,2,0,0,0,36.0,10.5,0,False,True
544,2,1,0,0,34.0,21.0,0,False,True
545,2,3,0,1,30.0,21.0,1,False,True
546,2,0,0,1,28.0,13.0,1,False,True
547,2,0,0,0,23.0,15.0458,0,False,False
548,2,1,1,1,0.8333,18.75,0,False,True
549,2,1,1,1,3.0,18.75,0,False,True
550,2,2,3,1,24.0,18.75,1,False,True
551,2,0,0,1,50.0,10.5,1,False,True
552,2,0,0,0,19.0,10.5,0,False,True
553,2,0,0,1,21.0,10.5,1,False,True
554,2,0,0,0,26.0,13.0,0,False,True
555,2,0,0,0,25.0,13.0,0,False,True
556,2,0,0,0,27.0,26.0,0,False,True
557,2,0,1,1,25.0,26.0,1,False,True
558,2,0,2,1,18.0,13.0,1,False,True
559,2,0,0,1,20.0,36.75,1,False,True
560,2,0,0,1,30.0,13.0,1,False,True
561,2,0,0,0,59.0,13.5,0,False,True
562,2,0,0,1,30.0,12.35,1,True,False
563,2,0,0,0,35.0,10.5,0,False,True
564,2,0,0,1,40.0,13.0,1,False,True
565,2,0,0,0,25.0,13.0,0,False,True
566,2,0,0,0,41.0,15.0458,0,False,False
567,2,0,0,0,25.0,10.5,0,False,True
568,2,0,0,0,18.5,13.0,0,False,True
569,2,0,0,0,14.0,65.0,0,False,True
570,2,0,0,1,50.0,10.5,1,False,True
571,2,0,0,0,23.0,13.0,0,False,True
572,2,0,0,1,28.0,12.65,1,False,True
573,2,0,0,1,27.0,10.5,1,False,True
574,2,1,0,0,29.0,21.0,0,False,True
575,2,1,0,0,27.0,21.0,1,False,True
576,2,0,0,0,40.0,13.0,0,False,True
577,2,0,0,1,31.0,21.0,1,False,True
578,2,1,0,0,30.0,21.0,0,False,True
579,2,1,0,0,23.0,10.5,0,False,True
580,2,0,0,1,31.0,21.0,1,False,True
581,2,0,0,0,29.8811345124283,0.0,0,False,True
582,2,0,0,1,12.0,15.75,1,False,True
583,2,0,0,1,40.0,15.75,1,False,True
584,2,0,0,1,32.5,13.0,1,False,True
585,2,1,0,0,27.0,26.0,0,False,True
586,2,1,0,1,29.0,26.0,1,False,True
587,2,1,1,1,2.0,23.0,0,False,True
588,2,1,1,1,4.0,23.0,1,False,True
589,2,0,2,1,29.0,23.0,1,False,True
590,2,1,2,1,0.9167,27.75,1,False,True
591,2,1,2,1,5.0,27.75,1,False,True
592,2,1,2,0,36.0,27.75,0,False,True
593,2,1,2,1,33.0,27.75,1,False,True
594,2,0,0,0,66.0,10.5,0,False,True
595,2,0,0,0,29.8811345124283,12.875,0,False,True
596,2,0,0,1,31.0,13.0,0,False,True
597,2,0,0,1,29.8811345124283,13.0,0,False,True
598,2,0,0,1,26.0,13.5,1,False,True
599,2,0,0,0,24.0,13.0,1,False,True
600,3,0,0,0,42.0,7.55,0,False,True
601,3,0,2,0,13.0,20.25,0,False,True
602,3,1,1,0,16.0,20.25,0,False,True
603,3,1,1,1,35.0,20.25,1,False,True
604,3,0,0,1,16.0,7.65,1,False,True
605,3,0,0,1,25.0,7.65,0,False,True
606,3,0,0,1,20.0,7.925,0,False,True
607,3,0,0,1,18.0,7.2292,1,False,False
608,3,0,0,0,30.0,7.25,0,False,True
609,3,0,0,0,26.0,8.05,0,False,True
610,3,1,0,0,40.0,9.475,1,False,True
611,3,0,1,1,0.8333,9.35,0,False,True
612,3,0,1,1,18.0,9.35,1,False,True
613,3,0,0,1,26.0,18.7875,0,False,False
614,3,0,0,0,26.0,7.8875,0,False,True
615,3,0,0,0,20.0,7.925,0,False,True
616,3,0,0,0,24.0,7.05,0,False,True
617,3,0,0,0,25.0,7.05,0,False,True
618,3,0,0,0,35.0,8.05,0,False,True
619,3,0,0,0,18.0,8.3,0,False,True
620,3,0,0,0,32.0,22.525,0,False,True
621,3,1,0,1,19.0,7.8542,1,False,True
622,3,4,2,0,4.0,31.275,0,False,True
623,3,4,2,0,6.0,31.275,1,False,True
624,3,4,2,0,2.0,31.275,1,False,True
625,3,4,2,1,17.0,7.925,1,False,True
626,3,4,2,0,38.0,7.775,1,False,True
627,3,4,2,0,9.0,31.275,1,False,True
628,3,4,2,0,11.0,31.275,1,False,True
629,3,1,5,0,39.0,31.275,0,False,True
630,3,0,0,1,27.0,7.7958,0,False,True
631,3,0,0,0,26.0,7.775,0,False,True
632,3,1,5,0,39.0,31.275,1,False,True
633,3,0,0,0,20.0,7.8542,0,False,True
634,3,0,0,0,26.0,7.8958,0,False,True
635,3,1,0,0,25.0,17.8,0,False,True
636,3,1,0,0,18.0,17.8,1,False,True
637,3,0,0,0,24.0,7.775,0,False,True
638,3,0,0,0,35.0,7.05,0,False,True
639,3,4,2,0,5.0,31.3875,0,False,True
640,3,4,2,0,9.0,31.3875,0,False,True
641,3,4,2,1,3.0,31.3875,0,False,True
642,3,4,2,0,13.0,31.3875,0,False,True
643,3,4,2,1,5.0,31.3875,1,False,True
644,3,1,5,0,40.0,31.3875,0,False,True
645,3,0,0,1,23.0,7.7958,0,False,True
646,3,1,5,1,38.0,31.3875,1,False,True
647,3,0,0,1,45.0,7.225,1,False,False
648,3,0,0,0,21.0,7.225,0,False,False
649,3,0,0,0,23.0,7.05,0,False,True
650,3,0,0,0,17.0,14.4583,1,False,False
651,3,0,0,0,30.0,7.225,0,False,False
652,3,0,0,0,23.0,7.8542,0,False,True
653,3,0,0,1,13.0,7.2292,1,False,False
654,3,0,0,0,20.0,7.225,0,False,False
655,3,1,0,0,32.0,15.85,0,False,True
656,3,3,0,1,33.0,15.85,1,False,True
657,3,2,1,1,0.75,19.2583,1,False,False
658,3,2,1,1,0.75,19.2583,1,False,False
659,3,2,1,1,5.0,19.2583,1,False,False
660,3,0,3,1,24.0,19.2583,1,False,False
661,3,0,0,1,18.0,8.05,1,False,True
662,3,0,0,0,40.0,7.225,0,False,False
663,3,0,0,0,26.0,7.8958,0,False,True
664,3,0,0,1,20.0,7.2292,0,False,False
665,3,0,1,0,18.0,14.4542,1,False,False
666,3,0,1,0,45.0,14.4542,1,False,False
667,3,0,0,0,27.0,7.8792,1,True,False
668,3,0,0,0,22.0,8.05,0,False,True
669,3,0,0,0,19.0,8.05,0,False,True
670,3,0,0,0,26.0,7.775,0,False,True
671,3,0,0,0,22.0,9.35,0,False,True
672,3,0,0,0,29.8811345124283,7.2292,0,False,False
673,3,0,0,0,20.0,4.0125,0,False,False
674,3,0,0,1,32.0,56.4958,0,False,True
675,3,0,0,0,21.0,7.775,0,False,True
676,3,0,0,0,18.0,7.75,0,False,True
677,3,0,0,0,26.0,7.8958,0,False,True
678,3,1,1,0,6.0,15.2458,0,False,False
679,3,1,1,0,9.0,15.2458,1,False,False
680,3,0,0,0,29.8811345124283,7.225,0,False,False
681,3,0,2,0,29.8811345124283,15.2458,1,False,False
682,3,0,2,0,29.8811345124283,7.75,1,True,False
683,3,1,1,0,40.0,15.5,0,True,False
684,3,1,1,0,32.0,15.5,1,True,False
685,3,0,0,0,21.0,16.1,0,False,True
686,3,0,0,1,22.0,7.725,1,True,False
687,3,0,0,0,20.0,7.8542,1,False,True
688,3,1,0,0,29.0,7.0458,0,False,True
689,3,1,0,0,22.0,7.25,0,False,True
690,3,0,0,0,22.0,7.7958,0,False,True
691,3,0,0,0,35.0,8.05,0,False,True
692,3,0,0,0,18.5,7.2833,1,True,False
693,3,0,0,1,21.0,7.8208,0,True,False
694,3,0,0,0,19.0,6.75,0,True,False
695,3,0,0,0,18.0,7.8792,1,True,False
696,3,0,0,0,21.0,8.6625,1,False,True
697,3,0,0,0,30.0,8.6625,1,False,True
698,3,0,0,0,18.0,8.6625,0,False,True
699,3,0,0,0,38.0,8.6625,0,False,True
700,3,0,0,0,17.0,8.6625,0,False,True
701,3,0,0,0,17.0,8.6625,0,False,True
702,3,0,0,0,21.0,7.75,1,True,False
703,3,0,0,0,21.0,7.75,0,True,False
704,3,0,0,0,21.0,8.05,0,False,True
705,3,1,0,0,29.8811345124283,14.4583,0,False,False
706,3,1,0,0,29.8811345124283,14.4583,1,False,False
707,3,0,0,0,28.0,7.7958,0,False,True
708,3,0,0,0,24.0,7.8542,0,False,True
709,3,0,0,1,16.0,7.75,1,True,False
710,3,0,0,0,37.0,7.75,1,True,False
711,3,0,0,0,28.0,7.25,0,False,True
712,3,0,0,0,24.0,8.05,0,False,True
713,3,0,0,0,21.0,7.7333,0,True,False
714,3,0,0,1,32.0,56.4958,0,False,True
715,3,0,0,0,29.0,8.05,0,False,True
716,3,1,0,0,26.0,14.4542,0,False,False
717,3,1,0,0,18.0,14.4542,0,False,False
718,3,0,0,0,20.0,7.05,0,False,True
719,3,0,0,1,18.0,8.05,0,False,True
720,3,0,0,0,24.0,7.25,0,True,False
721,3,0,0,0,36.0,7.4958,0,False,True
722,3,0,0,0,24.0,7.4958,0,False,True
723,3,0,0,0,31.0,7.7333,0,True,False
724,3,0,0,0,31.0,7.75,0,True,False
725,3,0,0,1,22.0,7.75,1,True,False
726,3,0,0,0,30.0,7.6292,1,True,False
727,3,0,0,0,70.5,7.75,0,True,False
728,3,0,0,0,43.0,8.05,0,False,True
729,3,0,0,0,35.0,7.8958,0,False,True
730,3,0,0,0,27.0,7.8958,0,False,True
731,3,0,0,0,19.0,7.8958,0,False,True
732,3,0,0,0,30.0,8.05,0,False,True
733,3,1,1,1,9.0,15.9,0,False,True
734,3,1,1,1,3.0,15.9,0,False,True
735,3,0,2,1,36.0,15.9,1,False,True
736,3,0,0,0,59.0,7.25,0,False,True
737,3,0,0,0,19.0,8.1583,0,False,True
738,3,0,1,1,17.0,16.1,1,False,True
739,3,0,1,0,44.0,16.1,0,False,True
740,3,0,0,0,17.0,8.6625,0,False,True
741,3,0,0,0,22.5,7.225,0,False,False
742,3,0,0,1,45.0,8.05,0,False,True
743,3,0,0,0,22.0,10.5167,1,False,True
744,3,0,0,0,19.0,10.1708,0,False,True
745,3,0,0,1,30.0,6.95,1,True,False
746,3,0,0,1,29.0,7.75,0,True,False
747,3,0,2,0,0.3333,14.4,0,False,True
748,3,1,1,0,34.0,14.4,0,False,True
749,3,1,1,0,28.0,14.4,1,False,True
750,3,0,0,0,27.0,7.8958,0,False,True
751,3,0,0,0,25.0,7.8958,0,False,True
752,3,2,0,0,24.0,24.15,0,False,True
753,3,0,0,0,22.0,8.05,0,False,True
754,3,2,0,0,21.0,24.15,0,False,True
755,3,2,0,0,17.0,8.05,0,False,True
756,3,1,0,0,29.8811345124283,16.1,0,False,True
757,3,1,0,1,29.8811345124283,16.1,1,False,True
758,3,1,0,1,36.5,17.4,0,False,True
759,3,1,0,1,36.0,17.4,1,False,True
760,3,0,0,1,30.0,9.5,0,False,True
761,3,0,0,0,16.0,9.5,0,False,True
762,3,1,2,1,1.0,20.575,0,False,True
763,3,1,2,1,0.1667,20.575,1,False,True
764,3,1,2,0,26.0,20.575,0,False,True
765,3,1,2,1,33.0,20.575,1,False,True
766,3,0,0,0,25.0,7.8958,0,False,True
767,3,0,0,0,29.8811345124283,7.8958,0,False,True
768,3,0,0,0,29.8811345124283,7.8958,0,False,True
769,3,0,0,0,22.0,7.25,0,False,True
770,3,0,0,0,36.0,7.25,0,False,True
771,3,0,0,1,19.0,7.8792,1,True,False
772,3,0,0,0,17.0,7.8958,0,False,True
773,3,0,0,0,42.0,8.6625,0,False,True
774,3,0,0,0,43.0,7.8958,0,False,True
775,3,0,0,0,29.8811345124283,7.2292,0,False,False
776,3,0,0,0,32.0,7.75,0,True,False
777,3,0,0,1,19.0,8.05,0,False,True
778,3,0,0,1,30.0,12.475,1,False,True
779,3,0,0,0,24.0,7.75,1,True,False
780,3,0,0,1,23.0,8.05,1,False,True
781,3,0,0,0,33.0,7.8958,0,False,False
782,3,0,0,0,65.0,7.75,0,True,False
783,3,0,0,1,24.0,7.55,0,False,True
784,3,1,0,0,23.0,13.9,0,False,True
785,3,1,0,1,22.0,13.9,1,False,True
786,3,0,0,0,18.0,7.775,0,False,True
787,3,0,0,0,16.0,7.775,0,False,True
788,3,0,0,0,45.0,6.975,0,False,True
789,3,0,0,0,29.8811345124283,7.225,0,False,False
790,3,0,2,0,39.0,7.2292,0,False,False
791,3,1,1,0,17.0,7.2292,0,False,False
792,3,1,1,0,15.0,7.2292,0,False,False
793,3,0,0,0,47.0,7.25,0,False,True
794,3,0,0,1,5.0,12.475,1,False,True
795,3,0,0,0,29.8811345124283,7.225,0,False,False
796,3,0,0,0,40.5,15.1,0,False,True
797,3,0,0,0,40.5,7.75,0,True,False
798,3,0,0,1,29.8811345124283,7.05,0,False,True
799,3,0,0,0,18.0,7.7958,0,False,True
800,3,0,0,0,29.8811345124283,7.75,1,True,False
801,3,0,0,0,29.8811345124283,7.75,0,True,False
802,3,0,0,0,29.8811345124283,6.95,0,True,False
803,3,0,0,0,26.0,7.8792,0,True,False
804,3,0,0,0,29.8811345124283,7.75,0,True,False
805,3,0,0,1,29.8811345124283,56.4958,0,False,True
806,3,2,2,0,21.0,34.375,1,False,True
807,3,2,2,0,9.0,34.375,1,False,True
808,3,0,0,0,29.8811345124283,8.05,0,False,True
809,3,2,2,0,18.0,34.375,0,False,True
810,3,1,3,0,16.0,34.375,0,False,True
811,3,1,3,0,48.0,34.375,1,False,True
812,3,0,0,0,29.8811345124283,7.75,0,True,False
813,3,0,0,0,29.8811345124283,7.25,0,False,True
814,3,0,0,0,25.0,7.7417,0,True,False
815,3,0,0,0,29.8811345124283,14.5,0,False,True
816,3,0,0,0,29.8811345124283,7.8958,0,False,False
817,3,0,0,0,22.0,8.05,0,False,True
818,3,0,0,1,16.0,7.7333,1,True,False
819,3,0,0,1,29.8811345124283,7.75,1,True,False
820,3,0,2,1,9.0,20.525,0,False,True
821,3,1,1,0,33.0,20.525,0,False,True
822,3,0,0,0,41.0,7.85,0,False,True
823,3,1,1,1,31.0,20.525,1,False,True
824,3,0,0,0,38.0,7.05,0,False,True
825,3,5,2,0,9.0,46.9,0,False,True
826,3,5,2,0,1.0,46.9,0,False,True
827,3,5,2,0,11.0,46.9,0,False,True
828,3,5,2,0,10.0,46.9,1,False,True
829,3,5,2,0,16.0,46.9,1,False,True
830,3,5,2,0,14.0,46.9,0,False,True
831,3,1,6,0,40.0,46.9,0,False,True
832,3,1,6,0,43.0,46.9,1,False,True
833,3,0,0,0,51.0,8.05,0,False,True
834,3,0,0,0,32.0,8.3625,0,False,True
835,3,0,0,0,29.8811345124283,8.05,0,False,True
836,3,0,0,0,20.0,9.8458,0,False,True
837,3,2,0,0,37.0,7.925,0,False,True
838,3,2,0,0,28.0,7.925,0,False,True
839,3,0,0,0,19.0,7.775,0,False,True
840,3,0,0,0,24.0,8.85,1,False,True
841,3,0,0,0,17.0,7.7333,1,True,False
842,3,1,0,0,29.8811345124283,19.9667,0,False,True
843,3,1,0,0,29.8811345124283,19.9667,0,False,True
844,3,1,0,0,28.0,15.85,0,False,True
845,3,1,0,1,24.0,15.85,1,False,True
846,3,0,0,0,20.0,9.5,0,False,True
847,3,0,0,0,23.5,7.2292,0,False,False
848,3,2,0,0,41.0,14.1083,0,False,True
849,3,1,0,0,26.0,7.8542,0,False,True
850,3,0,0,0,21.0,7.8542,0,False,True
851,3,1,0,1,45.0,14.1083,1,False,True
852,3,0,0,0,29.8811345124283,7.55,1,False,True
853,3,0,0,0,25.0,7.25,0,False,True
854,3,0,0,0,29.8811345124283,6.8583,0,True,False
855,3,0,0,0,11.0,18.7875,0,False,False
856,3,0,0,1,29.8811345124283,7.75,1,True,False
857,3,0,0,1,27.0,6.975,0,False,True
858,3,0,0,1,29.8811345124283,56.4958,0,False,True
859,3,0,0,0,18.0,6.75,1,True,False
860,3,0,0,1,26.0,7.925,1,False,True
861,3,0,0,0,23.0,7.925,1,False,True
862,3,0,0,1,22.0,8.9625,1,False,True
863,3,0,0,0,28.0,7.8958,0,False,True
864,3,0,0,0,28.0,7.775,1,False,True
865,3,0,0,0,29.8811345124283,7.75,1,True,False
866,3,0,1,1,2.0,12.2875,1,False,True
867,3,1,1,1,22.0,12.2875,1,False,True
868,3,0,0,0,43.0,6.45,0,False,True
869,3,0,0,0,28.0,22.525,0,False,True
870,3,0,0,1,27.0,7.925,1,False,True
871,3,0,0,0,29.8811345124283,7.75,0,True,False
872,3,0,0,1,29.8811345124283,8.05,1,False,True
873,3,0,0,0,42.0,7.65,0,False,True
874,3,0,0,1,29.8811345124283,7.8875,0,False,True
875,3,0,0,0,30.0,7.2292,0,False,False
876,3,0,0,0,29.8811345124283,7.8958,0,False,True
877,3,1,0,0,27.0,7.925,1,False,True
878,3,1,0,0,25.0,7.925,1,False,True
879,3,0,0,0,29.8811345124283,7.8958,0,False,True
880,3,0,0,1,29.0,7.8958,0,False,False
881,3,0,0,1,21.0,7.7958,0,False,True
882,3,0,0,0,29.8811345124283,7.05,0,False,True
883,3,0,0,0,20.0,7.8542,0,False,True
884,3,0,0,0,48.0,7.8542,0,False,True
885,3,1,0,0,17.0,7.0542,0,False,True
886,3,0,0,1,29.8811345124283,7.75,1,True,False
887,3,0,0,1,29.8811345124283,8.1125,0,False,True
888,3,0,0,0,34.0,6.4958,0,False,True
889,3,0,0,1,26.0,7.775,0,False,True
890,3,0,0,0,22.0,7.7958,0,False,True
891,3,0,0,0,33.0,8.6542,0,False,True
892,3,0,0,0,31.0,7.775,0,False,True
893,3,0,0,0,29.0,7.8542,0,False,True
894,3,1,1,1,4.0,11.1333,0,False,True
895,3,1,1,1,1.0,11.1333,1,False,True
896,3,0,0,0,49.0,0.0,0,False,True
897,3,0,0,0,33.0,7.775,0,False,True
898,3,0,0,0,19.0,0.0,0,False,True
899,3,0,2,1,27.0,11.1333,1,False,True
900,3,1,2,0,29.8811345124283,23.45,0,False,True
901,3,1,2,0,29.8811345124283,23.45,1,False,True
902,3,1,2,0,29.8811345124283,23.45,0,False,True
903,3,1,2,0,29.8811345124283,23.45,1,False,True
904,3,0,0,0,23.0,7.8958,0,False,True
905,3,0,0,1,32.0,7.8542,0,False,True
906,3,0,0,0,27.0,7.8542,0,False,True
907,3,1,0,0,20.0,9.825,1,False,True
908,3,1,0,0,21.0,9.825,1,False,True
909,3,0,0,1,32.0,7.925,0,False,True
910,3,0,0,0,17.0,7.125,0,False,True
911,3,0,0,0,21.0,8.4333,0,False,True
912,3,0,0,0,30.0,7.8958,0,False,True
913,3,0,0,1,21.0,7.7958,0,False,True
914,3,0,0,0,33.0,7.8542,0,False,True
915,3,0,0,0,22.0,7.5208,0,False,True
916,3,0,1,1,4.0,13.4167,1,False,False
917,3,0,1,1,39.0,13.4167,0,False,False
918,3,0,0,0,29.8811345124283,7.2292,0,False,False
919,3,0,0,0,18.5,7.2292,0,False,False
920,3,0,0,0,29.8811345124283,7.75,0,True,False
921,3,0,0,0,29.8811345124283,7.25,0,False,True
922,3,0,0,1,29.8811345124283,7.75,1,True,False
923,3,0,0,1,29.8811345124283,7.75,1,True,False
924,3,0,0,0,34.5,7.8292,0,True,False
925,3,0,0,0,44.0,8.05,0,False,True
926,3,0,0,1,29.8811345124283,7.75,0,True,False
927,3,1,0,0,29.8811345124283,14.4542,0,False,False
928,3,1,0,0,29.8811345124283,14.4542,1,False,False
929,3,1,0,0,29.8811345124283,7.75,0,True,False
930,3,1,0,0,29.8811345124283,7.75,0,True,False
931,3,0,0,0,29.8811345124283,7.7375,0,True,False
932,3,2,0,0,22.0,8.6625,1,False,True
933,3,2,0,0,26.0,8.6625,0,False,True
934,3,0,2,1,4.0,22.025,1,False,True
935,3,3,1,1,29.0,22.025,0,False,True
936,3,1,1,1,26.0,22.025,1,False,True
937,3,1,1,0,1.0,12.1833,1,False,True
938,3,1,1,0,18.0,7.8542,0,False,True
939,3,0,2,0,36.0,12.1833,1,False,True
940,3,0,0,0,29.8811345124283,7.8958,0,False,False
941,3,0,0,1,25.0,7.2292,0,False,False
942,3,0,0,0,29.8811345124283,7.225,0,False,False
943,3,0,0,0,37.0,9.5875,1,False,True
944,3,0,0,0,29.8811345124283,7.8958,0,False,True
945,3,0,0,1,29.8811345124283,56.4958,0,False,True
946,3,0,0,0,29.8811345124283,56.4958,0,False,True
947,3,0,0,1,22.0,7.25,1,False,True
948,3,0,0,0,29.8811345124283,7.75,0,True,False
949,3,0,0,1,26.0,56.4958,0,False,True
950,3,0,0,0,29.0,9.4833,0,False,True
951,3,0,0,0,29.0,7.775,0,False,True
952,3,0,0,0,22.0,7.775,0,False,True
953,3,0,0,1,22.0,7.225,0,False,False
954,3,3,1,0,29.8811345124283,25.4667,0,False,True
955,3,3,1,0,29.8811345124283,25.4667,1,False,True
956,3,3,1,0,29.8811345124283,25.4667,1,False,True
957,3,3,1,0,29.8811345124283,25.4667,1,False,True
958,3,0,4,0,29.8811345124283,25.4667,1,False,True
959,3,0,0,0,32.0,7.925,0,False,True
960,3,0,0,0,34.5,6.4375,0,False,False
961,3,1,0,0,29.8811345124283,15.5,1,True,False
962,3,1,0,0,29.8811345124283,15.5,0,True,False
963,3,0,0,0,36.0,0.0,0,False,True
964,3,0,0,0,39.0,24.15,0,False,True
965,3,0,0,0,24.0,9.5,0,False,True
966,3,0,0,0,25.0,7.775,1,False,True
967,3,0,0,0,45.0,7.75,1,False,True
968,3,1,0,0,36.0,15.55,0,False,True
969,3,1,0,0,30.0,15.55,1,False,True
970,3,1,0,1,20.0,7.925,0,False,True
971,3,0,0,0,29.8811345124283,7.8792,0,True,False
972,3,0,0,0,28.0,56.4958,0,False,True
973,3,0,0,0,29.8811345124283,7.55,0,False,True
974,3,1,0,0,30.0,16.1,0,False,True
975,3,1,0,0,26.0,16.1,1,False,True
976,3,0,0,0,29.8811345124283,7.8792,0,False,True
977,3,0,0,0,20.5,7.25,0,False,True
978,3,0,0,1,27.0,8.6625,0,False,True
979,3,0,0,0,51.0,7.0542,0,False,True
980,3,0,0,1,23.0,7.8542,1,False,True
981,3,0,0,1,32.0,7.5792,0,False,True
982,3,0,0,0,29.8811345124283,7.8958,0,False,True
983,3,0,0,0,29.8811345124283,7.55,0,False,True
984,3,0,0,1,29.8811345124283,7.75,1,True,False
985,3,0,0,1,24.0,7.1417,0,False,True
986,3,0,0,0,22.0,7.125,0,False,True
987,3,0,0,0,29.8811345124283,7.8792,1,True,False
988,3,0,0,0,29.8811345124283,7.75,0,True,False
989,3,0,0,0,29.8811345124283,8.05,0,False,True
990,3,0,0,0,29.0,7.925,0,False,True
991,3,0,0,1,29.8811345124283,7.2292,0,False,False
992,3,0,0,0,30.5,7.75,1,True,False
993,3,0,0,1,29.8811345124283,7.7375,1,True,False
994,3,0,0,0,29.8811345124283,7.2292,0,False,False
995,3,0,0,0,35.0,7.8958,0,False,False
996,3,0,0,0,33.0,7.8958,0,False,True
997,3,0,0,1,29.8811345124283,7.225,1,False,False
998,3,0,0,0,29.8811345124283,7.8958,0,False,False
999,3,0,0,1,29.8811345124283,7.75,1,True,False
1000,3,0,0,1,29.8811345124283,7.75,0,True,False
1001,3,2,0,1,29.8811345124283,23.25,1,True,False
1002,3,2,0,1,29.8811345124283,23.25,1,True,False
1003,3,2,0,1,29.8811345124283,23.25,0,True,False
1004,3,0,0,1,29.8811345124283,7.7875,1,True,False
1005,3,0,0,0,29.8811345124283,15.5,0,True,False
1006,3,0,0,1,29.8811345124283,7.8792,1,True,False
1007,3,0,0,1,15.0,8.0292,1,True,False
1008,3,0,0,0,35.0,7.75,1,True,False
1009,3,0,0,0,29.8811345124283,7.75,0,True,False
1010,3,1,0,0,24.0,16.1,0,False,True
1011,3,1,0,0,19.0,16.1,1,False,True
1012,3,0,0,0,29.8811345124283,7.75,1,True,False
1013,3,0,0,0,29.8811345124283,8.05,1,False,True
1014,3,0,0,0,29.8811345124283,8.05,1,False,True
1015,3,0,0,0,55.5,8.05,0,False,True
1016,3,0,0,0,29.8811345124283,7.75,0,True,False
1017,3,0,0,1,21.0,7.775,0,False,True
1018,3,0,0,0,29.8811345124283,8.05,0,False,True
1019,3,0,0,0,24.0,7.8958,0,False,True
1020,3,0,0,0,21.0,7.8958,0,False,True
1021,3,0,0,0,28.0,7.8958,0,False,True
1022,3,0,0,0,29.8811345124283,7.8958,0,False,True
1023,3,0,0,1,29.8811345124283,7.8792,1,True,False
1024,3,0,0,0,25.0,7.65,0,False,True
1025,3,0,1,1,6.0,12.475,0,False,True
1026,3,0,1,1,27.0,12.475,1,False,True
1027,3,0,0,0,29.8811345124283,8.05,0,False,True
1028,3,1,0,1,29.8811345124283,24.15,1,True,False
1029,3,1,0,0,29.8811345124283,24.15,0,True,False
1030,3,0,0,0,29.8811345124283,8.4583,0,True,False
1031,3,0,0,0,34.0,8.05,0,False,True
1032,3,0,0,0,29.8811345124283,7.75,0,True,False
1033,3,0,0,1,29.8811345124283,7.775,0,False,True
1034,3,1,1,1,29.8811345124283,15.2458,0,False,False
1035,3,1,1,1,29.8811345124283,15.2458,0,False,False
1036,3,0,2,1,29.8811345124283,15.2458,1,False,False
1037,3,0,0,1,29.8811345124283,7.2292,1,False,False
1038,3,0,0,0,29.8811345124283,8.05,0,False,True
1039,3,0,0,1,29.8811345124283,7.7333,1,True,False
1040,3,0,0,1,24.0,7.75,1,True,False
1041,3,0,0,0,29.8811345124283,8.05,0,False,True
1042,3,1,0,1,29.8811345124283,15.5,1,True,False
1043,3,1,0,1,29.8811345124283,15.5,1,True,False
1044,3,0,0,1,29.8811345124283,15.5,1,True,False
1045,3,0,0,0,18.0,7.75,0,False,True
1046,3,0,0,0,22.0,7.8958,0,False,True
1047,3,0,0,1,15.0,7.225,1,False,False
1048,3,0,2,1,1.0,15.7417,1,False,False
1049,3,1,1,1,20.0,15.7417,0,False,False
1050,3,1,1,1,19.0,15.7417,1,False,False
1051,3,0,0,0,33.0,8.05,0,False,True
1052,3,0,0,0,29.8811345124283,7.8958,0,False,True
1053,3,0,0,0,29.8811345124283,7.2292,0,False,False
1054,3,0,0,0,29.8811345124283,7.75,1,True,False
1055,3,0,0,0,29.8811345124283,7.8958,0,False,True
1056,3,1,0,1,12.0,11.2417,0,False,False
1057,3,1,0,1,14.0,11.2417,1,False,False
1058,3,0,0,0,29.0,7.925,1,False,True
1059,3,0,0,0,28.0,8.05,0,False,True
1060,3,0,0,1,18.0,7.775,1,False,True
1061,3,0,0,1,26.0,7.8542,1,False,True
1062,3,0,0,0,21.0,7.8542,0,False,True
1063,3,0,0,0,41.0,7.125,0,False,True
1064,3,0,0,1,39.0,7.925,0,False,True
1065,3,0,0,0,21.0,7.8,0,False,True
1066,3,0,0,0,28.5,7.2292,0,False,False
1067,3,0,0,1,22.0,7.75,1,False,True
1068,3,0,0,0,61.0,6.2375,0,False,True
1069,3,1,0,0,29.8811345124283,15.5,0,True,False
1070,3,0,0,0,29.8811345124283,7.8292,0,True,False
1071,3,1,0,1,29.8811345124283,15.5,1,True,False
1072,3,0,0,0,29.8811345124283,7.7333,0,True,False
1073,3,0,0,0,29.8811345124283,7.75,0,True,False
1074,3,0,0,0,29.8811345124283,7.75,0,True,False
1075,3,0,0,0,23.0,9.225,0,False,True
1076,3,0,0,0,29.8811345124283,7.75,1,True,False
1077,3,0,0,1,29.8811345124283,7.75,1,True,False
1078,3,0,0,1,29.8811345124283,7.8792,1,True,False
1079,3,0,0,1,22.0,7.775,1,False,True
1080,3,0,0,1,29.8811345124283,7.75,0,True,False
1081,3,0,0,1,29.8811345124283,7.8292,1,True,False
1082,3,0,1,1,9.0,3.1708,0,False,True
1083,3,0,0,0,28.0,22.525,0,False,True
1084,3,0,1,0,42.0,8.4042,0,False,True
1085,3,0,0,0,29.8811345124283,7.3125,0,False,True
1086,3,0,0,0,31.0,7.8542,1,False,True
1087,3,0,0,0,28.0,7.8542,0,False,True
1088,3,0,0,1,32.0,7.775,0,False,True
1089,3,0,0,0,20.0,9.225,0,False,True
1090,3,0,0,0,23.0,8.6625,1,False,True
1091,3,0,0,0,20.0,8.6625,1,False,True
1092,3,0,0,0,20.0,8.6625,0,False,True
1093,3,0,0,0,16.0,9.2167,0,False,True
1094,3,0,0,1,31.0,8.6833,1,False,True
1095,3,0,0,0,29.8811345124283,7.6292,1,True,False
1096,3,3,1,0,2.0,21.075,0,False,True
1097,3,3,1,0,6.0,21.075,0,False,True
1098,3,3,1,0,3.0,21.075,1,False,True
1099,3,3,1,0,8.0,21.075,1,False,True
1100,3,0,4,0,29.0,21.075,1,False,True
1101,3,4,1,0,1.0,39.6875,0,False,True
1102,3,4,1,0,7.0,39.6875,0,False,True
1103,3,4,1,0,2.0,39.6875,0,False,True
1104,3,4,1,0,16.0,39.6875,0,False,True
1105,3,4,1,0,14.0,39.6875,0,False,True
1106,3,0,5,0,41.0,39.6875,1,False,True
1107,3,0,0,0,21.0,8.6625,0,False,True
1108,3,0,0,0,19.0,14.5,0,False,True
1109,3,0,0,0,29.8811345124283,8.7125,0,False,False
1110,3,0,0,0,32.0,7.8958,0,False,True
1111,3,1,1,0,0.75,13.775,0,False,True
1112,3,1,1,0,3.0,13.775,1,False,True
1113,3,0,2,0,26.0,13.775,1,False,True
1114,3,0,0,0,29.8811345124283,7.0,0,False,True
1115,3,0,0,0,29.8811345124283,7.775,0,False,True
1116,3,0,0,0,29.8811345124283,8.05,0,False,True
1117,3,0,0,0,21.0,7.925,0,False,True
1118,3,0,0,0,25.0,7.925,0,False,True
1119,3,0,0,0,22.0,7.25,0,False,True
1120,3,1,0,1,25.0,7.775,0,False,True
1121,3,1,1,1,29.8811345124283,22.3583,0,False,False
1122,3,1,1,1,29.8811345124283,22.3583,1,False,False
1123,3,0,2,1,29.8811345124283,22.3583,1,False,False
1124,3,0,0,0,29.8811345124283,8.1375,1,True,False
1125,3,0,0,0,24.0,8.05,0,False,True
1126,3,0,0,0,28.0,7.8958,1,False,True
1127,3,0,0,0,19.0,7.8958,0,False,True
1128,3,0,0,0,29.8811345124283,7.8958,0,False,True
1129,3,1,0,0,25.0,7.775,0,False,True
1130,3,0,0,0,18.0,7.775,1,False,True
1131,3,0,0,1,32.0,8.05,0,False,True
1132,3,0,0,0,29.8811345124283,7.8958,0,False,True
1133,3,0,0,0,17.0,8.6625,0,False,True
1134,3,0,0,0,24.0,8.6625,0,False,True
1135,3,0,0,0,29.8811345124283,7.8958,0,False,True
1136,3,0,0,0,29.8811345124283,8.1125,1,False,True
1137,3,0,0,0,29.8811345124283,7.2292,0,False,False
1138,3,0,0,0,29.8811345124283,7.25,0,False,True
1139,3,0,0,0,38.0,7.8958,0,False,True
1140,3,0,0,0,21.0,8.05,0,False,True
1141,3,4,1,0,10.0,29.125,0,True,False
1142,3,4,1,0,4.0,29.125,0,True,False
1143,3,4,1,0,7.0,29.125,0,True,False
1144,3,4,1,0,2.0,29.125,0,True,False
1145,3,4,1,0,8.0,29.125,0,True,False
1146,3,0,5,0,39.0,29.125,1,True,False
1147,3,0,0,0,22.0,39.6875,1,False,True
1148,3,0,0,0,35.0,7.125,0,False,True
1149,3,0,0,1,29.8811345124283,7.7208,1,True,False
1150,3,0,0,0,29.8811345124283,14.5,0,False,True
1151,3,0,0,0,29.8811345124283,14.5,1,False,True
1152,3,1,0,0,50.0,14.5,0,False,True
1153,3,1,0,0,47.0,14.5,1,False,True
1154,3,0,0,0,29.8811345124283,8.05,0,False,True
1155,3,0,0,0,29.8811345124283,7.775,0,False,True
1156,3,1,1,0,2.0,20.2125,1,False,True
1157,3,1,1,0,18.0,20.2125,0,False,True
1158,3,0,2,0,41.0,20.2125,1,False,True
1159,3,0,0,1,29.8811345124283,8.05,1,False,True
1160,3,0,0,0,50.0,8.05,0,False,True
1161,3,0,0,0,16.0,8.05,0,False,True
1162,3,0,0,1,29.8811345124283,7.75,0,True,False
1163,3,0,0,0,29.8811345124283,24.15,0,True,False
1164,3,0,0,0,29.8811345124283,7.2292,0,False,False
1165,3,0,0,0,25.0,7.225,0,False,False
1166,3,0,0,0,29.8811345124283,7.225,0,False,False
1167,3,0,0,0,29.8811345124283,7.7292,0,True,False
1168,3,0,0,0,29.8811345124283,7.575,0,False,True
1169,3,0,0,0,38.5,7.25,0,False,True
1170,3,8,2,0,29.8811345124283,69.55,0,False,True
1171,3,8,2,0,14.5,69.55,0,False,True
1172,3,8,2,0,29.8811345124283,69.55,1,False,True
1173,3,8,2,0,29.8811345124283,69.55,1,False,True
1174,3,8,2,0,29.8811345124283,69.55,1,False,True
1175,3,8,2,0,29.8811345124283,69.55,1,False,True
1176,3,8,2,0,29.8811345124283,69.55,0,False,True
1177,3,8,2,0,29.8811345124283,69.55,0,False,True
1178,3,8,2,0,29.8811345124283,69.55,0,False,True
1179,3,1,9,0,29.8811345124283,69.55,0,False,True
1180,3,1,9,0,29.8811345124283,69.55,1,False,True
1181,3,0,0,0,24.0,9.325,0,False,True
1182,3,0,0,1,21.0,7.65,1,False,True
1183,3,0,0,0,39.0,7.925,0,False,True
1184,3,2,0,0,29.8811345124283,21.6792,0,False,False
1185,3,2,0,0,29.8811345124283,21.6792,0,False,False
1186,3,2,0,0,29.8811345124283,21.6792,0,False,False
1187,3,1,1,1,1.0,16.7,1,False,True
1188,3,0,2,1,24.0,16.7,1,False,True
1189,3,1,1,1,4.0,16.7,1,False,True
1190,3,0,0,1,25.0,9.5,0,False,True
1191,3,0,0,0,20.0,8.05,0,False,True
1192,3,0,0,0,24.5,8.05,0,False,True
1193,3,0,0,0,29.8811345124283,7.725,0,True,False
1194,3,0,0,0,29.8811345124283,7.8958,0,False,True
1195,3,0,0,0,29.8811345124283,7.75,0,True,False
1196,3,0,0,1,29.0,9.5,0,False,True
1197,3,0,0,0,29.8811345124283,15.1,0,False,True
1198,3,0,0,1,29.8811345124283,7.7792,1,True,False
1199,3,0,0,0,29.8811345124283,8.05,0,False,True
1200,3,0,0,0,29.8811345124283,8.05,0,False,True
1201,3,0,0,0,22.0,7.2292,0,False,False
1202,3,0,0,0,29.8811345124283,8.05,0,False,True
1203,3,0,0,0,40.0,7.8958,0,False,True
1204,3,0,0,0,21.0,7.925,0,False,True
1205,3,0,0,1,18.0,7.4958,1,False,True
1206,3,3,2,0,4.0,27.9,0,False,True
1207,3,3,2,0,10.0,27.9,0,False,True
1208,3,3,2,0,9.0,27.9,1,False,True
1209,3,3,2,0,2.0,27.9,1,False,True
1210,3,1,4,0,40.0,27.9,0,False,True
1211,3,1,4,0,45.0,27.9,1,False,True
1212,3,0,0,0,29.8811345124283,7.8958,0,False,True
1213,3,0,0,0,29.8811345124283,8.05,0,False,True
1214,3,0,0,0,29.8811345124283,8.6625,0,False,True
1215,3,0,0,0,29.8811345124283,7.75,0,True,False
1216,3,0,0,1,29.8811345124283,7.7333,1,True,False
1217,3,0,0,0,19.0,7.65,0,False,True
1218,3,0,0,0,30.0,8.05,0,False,True
1219,3,0,0,0,29.8811345124283,8.05,0,False,True
1220,3,0,0,0,32.0,8.05,0,False,True
1221,3,0,0,0,29.8811345124283,7.8958,0,False,True
1222,3,0,0,0,33.0,8.6625,0,False,False
1223,3,0,0,1,23.0,7.55,1,False,True
1224,3,0,0,0,21.0,8.05,0,False,True
1225,3,0,0,0,60.5,33.29547928134557,0,False,True
1226,3,0,0,0,19.0,7.8958,0,False,True
1227,3,0,0,0,22.0,9.8375,1,False,True
1228,3,0,0,1,31.0,7.925,0,False,True
1229,3,0,0,0,27.0,8.6625,0,False,True
1230,3,0,1,0,2.0,10.4625,1,False,True
1231,3,1,1,0,29.0,10.4625,1,False,True
1232,3,0,0,1,16.0,8.05,0,False,True
1233,3,0,0,1,44.0,7.925,0,False,True
1234,3,0,0,0,25.0,7.05,0,False,True
1235,3,0,0,0,74.0,7.775,0,False,True
1236,3,0,0,1,14.0,9.225,0,False,True
1237,3,0,0,0,24.0,7.7958,0,False,True
1238,3,0,0,1,25.0,7.7958,0,False,True
1239,3,0,0,0,34.0,8.05,0,False,True
1240,3,0,1,1,0.4167,8.5167,0,False,False
1241,3,1,0,0,29.8811345124283,6.4375,0,False,False
1242,3,0,0,0,29.8811345124283,6.4375,0,False,False
1243,3,0,0,0,29.8811345124283,7.225,0,False,False
1244,3,1,1,1,16.0,8.5167,1,False,False
1245,3,0,0,0,29.8811345124283,8.05,0,False,True
1246,3,1,0,0,29.8811345124283,16.1,0,False,True
1247,3,1,0,1,29.8811345124283,16.1,1,False,True
1248,3,0,0,0,32.0,7.925,0,False,True
1249,3,0,0,0,29.8811345124283,7.75,0,True,False
1250,3,0,0,0,29.8811345124283,7.8958,0,False,True
1251,3,0,0,0,30.5,8.05,0,False,True
1252,3,0,0,0,44.0,8.05,0,False,True
1253,3,0,0,0,29.8811345124283,7.2292,0,False,False
1254,3,0,0,1,25.0,0.0,0,False,True
1255,3,0,0,0,29.8811345124283,7.2292,0,False,False
1256,3,1,1,1,7.0,15.2458,0,False,False
1257,3,1,1,1,9.0,15.2458,1,False,False
1258,3,0,2,1,29.0,15.2458,1,False,False
1259,3,0,0,0,36.0,7.8958,0,False,True
1260,3,0,0,1,18.0,9.8417,1,False,True
1261,3,0,0,1,63.0,9.5875,1,False,True
1262,3,1,1,0,29.8811345124283,14.5,0,False,True
1263,3,1,1,0,11.5,14.5,0,False,True
1264,3,0,2,0,40.5,14.5,0,False,True
1265,3,0,2,0,10.0,24.15,1,False,True
1266,3,1,1,0,36.0,24.15,0,False,True
1267,3,1,1,0,30.0,24.15,1,False,True
1268,3,0,0,0,29.8811345124283,9.5,0,False,True
1269,3,0,0,0,33.0,9.5,0,False,True
1270,3,0,0,0,28.0,9.5,0,False,True
1271,3,0,0,0,28.0,9.5,0,False,True
1272,3,0,0,0,47.0,9.0,0,False,True
1273,3,2,0,0,18.0,18.0,1,False,True
1274,3,3,0,0,31.0,18.0,0,False,True
1275,3,2,0,0,16.0,18.0,0,False,True
1276,3,1,0,0,31.0,18.0,1,False,True
1277,3,0,0,1,22.0,7.225,0,False,False
1278,3,0,0,0,20.0,7.8542,0,False,True
1279,3,0,0,0,14.0,7.8542,1,False,True
1280,3,0,0,0,22.0,7.8958,0,False,True
1281,3,0,0,0,22.0,9.0,0,False,True
1282,3,0,0,0,29.8811345124283,8.05,0,False,True
1283,3,0,0,0,29.8811345124283,7.55,0,False,True
1284,3,0,0,0,29.8811345124283,8.05,0,False,True
1285,3,0,0,0,32.5,9.5,0,False,True
1286,3,0,0,1,38.0,7.2292,1,False,False
1287,3,0,0,0,51.0,7.75,0,False,True
1288,3,1,0,0,18.0,6.4958,0,False,True
1289,3,1,0,0,21.0,6.4958,0,False,True
1290,3,1,0,1,47.0,7.0,1,False,True
1291,3,0,0,0,29.8811345124283,8.7125,0,False,True
1292,3,0,0,0,29.8811345124283,7.55,0,False,True
1293,3,0,0,0,29.8811345124283,8.05,0,False,True
1294,3,0,0,0,28.5,16.1,0,False,True
1295,3,0,0,0,21.0,7.25,0,False,True
1296,3,0,0,0,27.0,8.6625,0,False,True
1297,3,0,0,0,29.8811345124283,7.25,0,False,True
1298,3,0,0,0,36.0,9.5,0,False,True
1299,3,1,0,0,27.0,14.4542,0,False,False
1300,3,1,0,1,15.0,14.4542,1,False,False
1301,3,0,0,0,45.5,7.225,0,False,False
1302,3,0,0,0,29.8811345124283,7.225,0,False,False
1303,3,0,0,0,29.8811345124283,14.4583,0,False,False
1304,3,1,0,0,14.5,14.4542,1,False,False
1305,3,1,0,0,29.8811345124283,14.4542,1,False,False
1306,3,0,0,0,26.5,7.225,0,False,False
1307,3,0,0,0,27.0,7.225,0,False,False
1308,3,0,0,0,29.0,7.875,0,False,True
